MONTH,WEEK,MOSQUITO,SPECIES,MOSQUITO1,MOSQUITO2,MOSQUITO3,MOSQUITO4,MAX TEMP (deg F),AVG TEMP,MIN TEMP,DEW POINT (deg F),PRECIPITATION (in),# RAINY DAYS ,WIND (mph),HUMIDITY (%),AGE CATEGORY,MALE,FEMALE
January,1,Pv,imported,TRUE,FALSE,FALSE,FALSE,84.19,77.32,70.94,69.86,41.7,3,5.49,78.9,3,3,2
January,2,Pv,indigenious,FALSE,TRUE,FALSE,FALSE,84.19,77.32,70.94,69.86,41.7,3,5.49,78.9,3,2,0
January,3,Pf,indigenious,FALSE,FALSE,FALSE,TRUE,84.19,77.32,70.94,69.86,41.7,3,5.49,78.9,3,0,0
January,4,Pf,imported,FALSE,FALSE,TRUE,FALSE,84.19,77.32,70.94,69.86,41.7,3,5.49,78.9,5,3,3
February,1,Pv,imported,TRUE,FALSE,FALSE,FALSE,86.82,79.36,71.86,70.66,0,0,5.72,76.3,5,1,0
February,2,Pv,indigenious,FALSE,TRUE,FALSE,FALSE,86.82,79.36,71.86,70.66,0,0,5.72,76.3,5,1,1
February,3,Pf,indigenious,FALSE,FALSE,FALSE,TRUE,86.82,79.36,71.86,70.66,0,0,5.72,76.3,3,2,0
February,4,Pv,indigenious,FALSE,TRUE,FALSE,FALSE,86.82,79.36,71.86,70.66,0,0,5.72,76.3,3,1,0
March,1,Pv,indigenious,FALSE,TRUE,FALSE,FALSE,93.26,84.19,75.87,74.09,1.3,0,7.06,73.9,3,0,0
March,2,Pf,imported,FALSE,FALSE,TRUE,FALSE,93.26,84.19,75.87,74.09,1.3,0,7.06,73.9,5,0,0
March,3,Pf,indigenious,FALSE,FALSE,FALSE,TRUE,93.26,84.19,75.87,74.09,1.3,0,7.06,73.9,5,2,1
March,4,Pf,imported,FALSE,FALSE,TRUE,FALSE,93.26,84.19,75.87,74.09,1.3,0,7.06,73.9,5,0,0
April,1,Pv,indigenious,FALSE,TRUE,FALSE,FALSE,95.36,88.28,79.64,78.24,1.1,0,9.71,73,1,0,0
April,2,Pf,imported,FALSE,FALSE,TRUE,FALSE,95.36,88.28,79.64,78.24,1.1,0,9.71,73,4,2,1
April,3,Pv,imported,TRUE,FALSE,FALSE,FALSE,95.36,88.28,79.64,78.24,1.1,0,9.71,73,5,0,0
April,4,Pv,imported,TRUE,FALSE,FALSE,FALSE,95.36,88.28,79.64,78.24,1.1,0,9.71,73,2,0,0
May,1,Pf,indigenious,FALSE,FALSE,FALSE,TRUE,98.19,88.97,81.74,78.08,100.2,2,9.56,71.8,1,0,0
May,2,Pv,indigenious,FALSE,TRUE,FALSE,FALSE,98.19,88.97,81.74,78.08,100.2,2,9.56,71.8,3,0,0
May,3,Pv,imported,TRUE,FALSE,FALSE,FALSE,98.19,88.97,81.74,78.08,100.2,2,9.56,71.8,5,5,1
May,4,Pf,imported,FALSE,FALSE,TRUE,FALSE,98.19,88.97,81.74,78.08,100.2,2,9.56,71.8,5,0,0
June,1,Pv,imported,TRUE,FALSE,FALSE,FALSE,94.8,86.76,80.37,76.58,72.7,2,8.65,73.1,3,0,0
June,2,Pv,indigenious,FALSE,TRUE,FALSE,FALSE,94.8,86.76,80.37,76.58,72.7,2,8.65,73.1,5,0,0
June,3,Pv,imported,TRUE,FALSE,FALSE,FALSE,94.8,86.76,80.37,76.58,72.7,2,8.65,73.1,1,0,0
June,4,Pf,indigenious,FALSE,FALSE,FALSE,TRUE,94.8,86.76,80.37,76.58,72.7,2,8.65,73.1,5,3,0
July,1,Pf,indigenious,FALSE,FALSE,FALSE,TRUE,91.35,84.75,78.55,75.06,232.4,10,7.68,74.3,1,1,1
July,2,Pv,imported,TRUE,FALSE,FALSE,FALSE,91.35,84.75,78.55,75.06,232.4,10,7.68,74.3,5,2,1
July,3,Pf,imported,FALSE,FALSE,TRUE,FALSE,91.35,84.75,78.55,75.06,232.4,10,7.68,74.3,3,6,1
July,4,Pv,imported,TRUE,FALSE,FALSE,FALSE,91.35,84.75,78.55,75.06,232.4,10,7.68,74.3,5,8,1
August,1,Pv,imported,TRUE,FALSE,FALSE,FALSE,91.13,84.33,78.71,76.28,649.8,19,6.84,78,1,1,0
August,2,Pf,imported,FALSE,FALSE,TRUE,FALSE,91.13,84.33,78.71,76.28,649.8,19,6.84,78,5,2,2
August,3,Pv,imported,TRUE,FALSE,FALSE,FALSE,91.13,84.33,78.71,76.28,649.8,19,6.84,78,5,4,0
August,4,Pf,imported,FALSE,FALSE,TRUE,FALSE,91.13,84.33,78.71,76.28,649.8,19,6.84,78,5,4,2
September,1,Pf,indigenious,FALSE,FALSE,FALSE,TRUE,90.2,84.09,78,76.51,411.7,11,6.38,79,5,5,5
September,2,Pv,imported,TRUE,FALSE,FALSE,FALSE,90.2,84.09,78,76.51,411.7,11,6.38,79,2,4,0
September,3,Pf,indigenious,FALSE,FALSE,FALSE,TRUE,90.2,84.09,78,76.51,411.7,11,6.38,79,5,8,2
September,4,Pv,imported,TRUE,FALSE,FALSE,FALSE,90.2,84.09,78,76.51,411.7,11,6.38,79,5,4,3
October,1,Pf,imported,FALSE,FALSE,TRUE,FALSE,90.06,83.47,77.68,76.66,581.84,20,5.87,81.2,2,0,0
October,2,Pv,imported,TRUE,FALSE,FALSE,FALSE,90.06,83.47,77.68,76.66,581.84,20,5.87,81.2,2,9,1
October,3,Pf,indigenious,FALSE,FALSE,FALSE,TRUE,90.06,83.47,77.68,76.66,581.84,20,5.87,81.2,5,9,1
October,4,Pv,imported,TRUE,FALSE,FALSE,FALSE,90.06,83.47,77.68,76.66,581.84,20,5.87,81.2,5,1,1
November,1,Pf,indigenious,FALSE,FALSE,FALSE,TRUE,85.83,79.96,74.93,76.05,988.57,17,5.28,88.7,3,2,0
November,2,Pf,imported,FALSE,FALSE,TRUE,FALSE,85.83,79.96,74.93,76.05,988.57,17,5.28,88.7,5,3,2
November,3,Pv,imported,TRUE,FALSE,FALSE,FALSE,85.83,79.96,74.93,76.05,988.57,17,5.28,88.7,4,9,1
November,4,Pv,indigenious,FALSE,TRUE,FALSE,FALSE,85.83,79.96,74.93,76.05,988.57,17,5.28,88.7,5,4,2
December,1,Pf,indigenious,FALSE,FALSE,FALSE,TRUE,82.26,76.62,71.74,72.46,437.9,13,5.16,88,5,7,2
December,2,Pv,indigenious,FALSE,TRUE,FALSE,FALSE,82.26,76.62,71.74,72.46,437.9,13,5.16,88,4,3,1
December,3,Pv,indigenious,FALSE,TRUE,FALSE,FALSE,82.26,76.62,71.74,72.46,437.9,13,5.16,88,2,0,0
December,4,Pv,imported,TRUE,FALSE,FALSE,FALSE,82.26,76.62,71.74,72.46,437.9,13,5.16,88,2,5,1
January,1,Pv,indigenious,FALSE,TRUE,FALSE,FALSE,84.13,76.86,69.52,69.68,41.2,2,5.98,79.9,5,4,1
January,2,Pv,imported,TRUE,FALSE,FALSE,FALSE,84.13,76.86,69.52,69.68,41.2,2,5.98,79.9,3,4,1
January,3,Pf,indigenious,FALSE,FALSE,FALSE,TRUE,84.13,76.86,69.52,69.68,41.2,2,5.98,79.9,5,1,0
January,4,Pf,indigenious,FALSE,FALSE,FALSE,TRUE,84.13,76.86,69.52,69.68,41.2,2,5.98,79.9,3,3,1
February,1,Pv,imported,TRUE,FALSE,FALSE,FALSE,86.29,78.3,70.07,70.34,79.15,2,6.13,78.4,5,3,2
February,2,Pf,imported,FALSE,FALSE,TRUE,FALSE,86.29,78.3,70.07,70.34,79.15,2,6.13,78.4,5,4,2
February,3,Pf,indigenious,FALSE,FALSE,FALSE,TRUE,86.29,78.3,70.07,70.34,79.15,2,6.13,78.4,5,3,0
February,4,Pv,indigenious,FALSE,TRUE,FALSE,FALSE,86.29,78.3,70.07,70.34,79.15,2,6.13,78.4,2,0,0
March,1,Pf,imported,FALSE,FALSE,TRUE,FALSE,90.84,81.96,72.9,72.63,1.79,0,6.44,76.3,3,0,0
March,2,Pv,imported,TRUE,FALSE,FALSE,FALSE,90.84,81.96,72.9,72.63,1.79,0,6.44,76.3,2,1,0
March,3,Pf,indigenious,FALSE,FALSE,FALSE,TRUE,90.84,81.96,72.9,72.63,1.79,0,6.44,76.3,3,0,0
March,4,Pf,imported,FALSE,FALSE,TRUE,FALSE,90.84,81.96,72.9,72.63,1.79,0,6.44,76.3,1,2,1
April,1,Pv,indigenious,FALSE,TRUE,FALSE,FALSE,92.53,85.26,78.47,77.39,95.02,5,7.63,78.5,4,2,1
April,2,Pv,indigenious,FALSE,TRUE,FALSE,FALSE,92.53,85.26,78.47,77.39,95.02,5,7.63,78.5,1,0,0
April,3,Pf,imported,FALSE,FALSE,TRUE,FALSE,92.53,85.26,78.47,77.39,95.02,5,7.63,78.5,2,0,0
April,4,Pv,imported,TRUE,FALSE,FALSE,FALSE,92.53,85.26,78.47,77.39,95.02,5,7.63,78.5,2,0,0
May,1,Pf,imported,FALSE,FALSE,TRUE,FALSE,100.65,89.32,81.58,77.06,20.6,2,9.58,69.4,2,0,0
May,2,Pf,indigenious,FALSE,FALSE,FALSE,TRUE,100.65,89.32,81.58,77.06,20.6,2,9.58,69.4,5,3,0
May,3,Pf,indigenious,FALSE,FALSE,FALSE,TRUE,100.65,89.32,81.58,77.06,20.6,2,9.58,69.4,4,0,0
May,4,Pv,imported,TRUE,FALSE,FALSE,FALSE,100.65,89.32,81.58,77.06,20.6,2,9.58,69.4,2,0,0
June,1,Pf,imported,FALSE,FALSE,TRUE,FALSE,99.03,89.74,82.03,72,97.88,6,10.09,57.6,3,0,0
June,2,Pv,indigenious,FALSE,TRUE,FALSE,FALSE,99.03,89.74,82.03,72,97.88,6,10.09,57.6,1,2,0
June,3,Pf,imported,FALSE,FALSE,TRUE,FALSE,99.03,89.74,82.03,72,97.88,6,10.09,57.6,3,0,0
June,4,Pv,indigenious,FALSE,TRUE,FALSE,FALSE,99.03,89.74,82.03,72,97.88,6,10.09,57.6,2,2,0
July,1,Pv,indigenious,FALSE,TRUE,FALSE,FALSE,94.29,86.54,79.94,73.11,331.46,9,8.87,65.8,5,6,1
July,2,Pf,indigenious,FALSE,FALSE,FALSE,TRUE,94.29,86.54,79.94,73.11,331.46,9,8.87,65.8,5,5,1
July,3,Pv,indigenious,FALSE,TRUE,FALSE,FALSE,94.29,86.54,79.94,73.11,331.46,9,8.87,65.8,3,5,0
July,4,Pv,indigenious,FALSE,TRUE,FALSE,FALSE,94.29,86.54,79.94,73.11,331.46,9,8.87,65.8,3,3,2
August,1,Pv,imported,TRUE,FALSE,FALSE,FALSE,92.52,85.23,78.48,74.6,329.97,14,8,71.8,5,6,2
August,2,Pv,indigenious,FALSE,TRUE,FALSE,FALSE,92.52,85.23,78.48,74.6,329.97,14,8,71.8,5,9,1
August,3,Pv,imported,TRUE,FALSE,FALSE,FALSE,92.52,85.23,78.48,74.6,329.97,14,8,71.8,3,2,1
August,4,Pv,imported,TRUE,FALSE,FALSE,FALSE,92.52,85.23,78.48,74.6,329.97,14,8,71.8,4,5,2
September,1,Pv,indigenious,FALSE,TRUE,FALSE,FALSE,93.03,84.95,78.2,75,312.5,13,7.6,73.6,1,2,0
September,2,Pf,imported,FALSE,FALSE,TRUE,FALSE,93.03,84.95,78.2,75,312.5,13,7.6,73.6,1,7,2
September,3,Pv,imported,TRUE,FALSE,FALSE,FALSE,93.03,84.95,78.2,75,312.5,13,7.6,73.6,1,8,2
September,4,Pv,imported,TRUE,FALSE,FALSE,FALSE,93.03,84.95,78.2,75,312.5,13,7.6,73.6,3,5,4
October,1,Pv,indigenious,FALSE,TRUE,FALSE,FALSE,89.48,82.69,76.81,75.93,428.5,18,4.43,81.4,3,3,3
October,2,Pv,imported,TRUE,FALSE,FALSE,FALSE,89.48,82.69,76.81,75.93,428.5,18,4.43,81.4,3,7,1
October,3,Pf,imported,FALSE,FALSE,TRUE,FALSE,89.48,82.69,76.81,75.93,428.5,18,4.43,81.4,1,1,0
October,4,Pv,indigenious,FALSE,TRUE,FALSE,FALSE,89.48,82.69,76.81,75.93,428.5,18,4.43,81.4,3,4,1
November,1,Pv,indigenious,FALSE,TRUE,FALSE,FALSE,85.77,79.14,73.6,72.7,725.4,14,4.94,82.3,2,1,0
November,2,Pv,imported,TRUE,FALSE,FALSE,FALSE,85.77,79.14,73.6,72.7,725.4,14,4.94,82.3,5,5,2
November,3,Pv,imported,TRUE,FALSE,FALSE,FALSE,85.77,79.14,73.6,72.7,725.4,14,4.94,82.3,5,7,1
November,4,Pv,indigenious,FALSE,TRUE,FALSE,FALSE,85.77,79.14,73.6,72.7,725.4,14,4.94,82.3,4,9,1
December,1,Pv,imported,TRUE,FALSE,FALSE,FALSE,84.1,77.38,71.29,69.75,231.4,5,5.47,78.5,2,5,2
December,2,Pf,indigenious,FALSE,FALSE,FALSE,TRUE,84.1,77.38,71.29,69.75,231.4,5,5.47,78.5,5,5,1
December,3,Pv,imported,TRUE,FALSE,FALSE,FALSE,84.1,77.38,71.29,69.75,231.4,5,5.47,78.5,5,4,0
December,4,Pv,indigenious,FALSE,TRUE,FALSE,FALSE,84.1,77.38,71.29,69.75,231.4,5,5.47,78.5,5,4,0
January,1,Pv,indigenious,FALSE,TRUE,FALSE,FALSE,84.81,76.88,69.97,68.38,12.56,0,5.07,76.6,5,9,0
January,2,Pf,imported,FALSE,FALSE,TRUE,FALSE,84.81,76.88,69.97,68.38,12.56,0,5.07,76.6,5,2,1
January,3,Pv,imported,TRUE,FALSE,FALSE,FALSE,84.81,76.88,69.97,68.38,12.56,0,5.07,76.6,4,5,1
January,4,Pf,indigenious,FALSE,FALSE,FALSE,TRUE,84.81,76.88,69.97,68.38,12.56,0,5.07,76.6,5,5,2
February,1,Pf,imported,FALSE,FALSE,TRUE,FALSE,88.03,78.97,70.79,68.75,0.1,0,4.69,73.1,3,1,0
February,2,Pf,indigenious,FALSE,FALSE,FALSE,TRUE,88.03,78.97,70.79,68.75,0.1,0,4.69,73.1,5,2,0
February,3,Pf,imported,FALSE,FALSE,TRUE,FALSE,88.03,78.97,70.79,68.75,0.1,0,4.69,73.1,5,5,1
February,4,Pv,imported,TRUE,FALSE,FALSE,FALSE,88.03,78.97,70.79,68.75,0.1,0,4.69,73.1,2,0,0
March,1,Pv,indigenious,FALSE,TRUE,FALSE,FALSE,93.26,84.26,76.48,73.55,9.2,0,7.13,72.4,2,0,0
March,2,Pf,indigenious,FALSE,FALSE,FALSE,TRUE,93.26,84.26,76.48,73.55,9.2,0,7.13,72.4,5,2,0
March,3,Pf,indigenious,FALSE,FALSE,FALSE,TRUE,93.26,84.26,76.48,73.55,9.2,0,7.13,72.4,4,3,1
March,4,Pf,indigenious,FALSE,FALSE,FALSE,TRUE,93.26,84.26,76.48,73.55,9.2,0,7.13,72.4,4,1,0
April,1,Pv,indigenious,FALSE,TRUE,FALSE,FALSE,96.13,87.1,77.8,75.78,90.8,6,7.97,70.4,4,0,0
April,2,Pv,imported,TRUE,FALSE,FALSE,FALSE,96.13,87.1,77.8,75.78,90.8,6,7.97,70.4,3,0,0
April,3,Pf,indigenious,FALSE,FALSE,FALSE,TRUE,96.13,87.1,77.8,75.78,90.8,6,7.97,70.4,3,0,0
April,4,Pv,indigenious,FALSE,TRUE,FALSE,FALSE,96.13,87.1,77.8,75.78,90.8,6,7.97,70.4,5,0,0
May,1,Pv,indigenious,FALSE,TRUE,FALSE,FALSE,102.77,91.62,84.23,74.04,20.6,1,9.35,58.9,3,0,0
May,2,Pv,indigenious,FALSE,TRUE,FALSE,FALSE,102.77,91.62,84.23,74.04,20.6,1,9.35,58.9,3,0,0
May,3,Pv,indigenious,FALSE,TRUE,FALSE,FALSE,102.77,91.62,84.23,74.04,20.6,1,9.35,58.9,4,3,3
May,4,Pf,indigenious,FALSE,FALSE,FALSE,TRUE,102.77,91.62,84.23,74.04,20.6,1,9.35,58.9,1,1,1
June,1,Pv,indigenious,FALSE,TRUE,FALSE,FALSE,100.93,90.54,83.2,70.25,49.16,2,10.45,53.9,4,3,0
June,2,Pv,imported,TRUE,FALSE,FALSE,FALSE,100.93,90.54,83.2,70.25,49.16,2,10.45,53.9,1,3,0
June,3,Pv,indigenious,FALSE,TRUE,FALSE,FALSE,100.93,90.54,83.2,70.25,49.16,2,10.45,53.9,5,0,0
June,4,Pf,indigenious,FALSE,FALSE,FALSE,TRUE,100.93,90.54,83.2,70.25,49.16,2,10.45,53.9,3,0,0
July,1,Pf,imported,FALSE,FALSE,TRUE,FALSE,95.23,87.06,74.87,72.28,133.8,6,8.32,63.1,4,6,1
July,2,Pv,imported,TRUE,FALSE,FALSE,FALSE,95.23,87.06,74.87,72.28,133.8,6,8.32,63.1,1,4,1
July,3,Pv,indigenious,FALSE,TRUE,FALSE,FALSE,95.23,87.06,74.87,72.28,133.8,6,8.32,63.1,2,2,1
July,4,Pf,indigenious,FALSE,FALSE,FALSE,TRUE,95.23,87.06,74.87,72.28,133.8,6,8.32,63.1,5,9,1
August,1,Pv,indigenious,FALSE,TRUE,FALSE,FALSE,93.97,85.4,79.13,72.7,190.35,7,8.82,67.6,5,2,2
August,2,Pf,imported,FALSE,FALSE,TRUE,FALSE,93.97,85.4,79.13,72.7,190.35,7,8.82,67.6,5,1,0
August,3,Pv,indigenious,FALSE,TRUE,FALSE,FALSE,93.97,85.4,79.13,72.7,190.35,7,8.82,67.6,5,4,0
August,4,Pf,imported,FALSE,FALSE,TRUE,FALSE,93.97,85.4,79.13,72.7,190.35,7,8.82,67.6,5,8,2
September,1,Pf,indigenious,FALSE,FALSE,FALSE,TRUE,92.5,84.78,78.07,74.77,282.5,13,6.49,73.3,1,1,0
September,2,Pv,indigenious,FALSE,TRUE,FALSE,FALSE,92.5,84.78,78.07,74.77,282.5,13,6.49,73.3,3,2,1
September,3,Pv,indigenious,FALSE,TRUE,FALSE,FALSE,92.5,84.78,78.07,74.77,282.5,13,6.49,73.3,5,5,5
September,4,Pf,indigenious,FALSE,FALSE,FALSE,TRUE,92.5,84.78,78.07,74.77,282.5,13,6.49,73.3,1,4,3
October,1,Pf,imported,FALSE,FALSE,TRUE,FALSE,89.58,82.38,76.87,74.47,457.4,18,6.33,78.7,1,5,3
October,2,Pf,indigenious,FALSE,FALSE,FALSE,TRUE,89.58,82.38,76.87,74.47,457.4,18,6.33,78.7,5,8,2
October,3,Pv,indigenious,FALSE,TRUE,FALSE,FALSE,89.58,82.38,76.87,74.47,457.4,18,6.33,78.7,5,0,0
October,4,Pf,imported,FALSE,FALSE,TRUE,FALSE,89.58,82.38,76.87,74.47,457.4,18,6.33,78.7,3,6,0
November,1,Pv,indigenious,FALSE,TRUE,FALSE,FALSE,87.63,80.17,73.13,71.02,143.9,3,5.15,75.4,5,2,0
November,2,Pv,indigenious,FALSE,TRUE,FALSE,FALSE,87.63,80.17,73.13,71.02,143.9,3,5.15,75.4,5,0,0
November,3,Pf,indigenious,FALSE,FALSE,FALSE,TRUE,87.63,80.17,73.13,71.02,143.9,3,5.15,75.4,5,7,3
November,4,Pf,imported,FALSE,FALSE,TRUE,FALSE,87.63,80.17,73.13,71.02,143.9,3,5.15,75.4,1,2,2
December,1,Pf,imported,FALSE,FALSE,TRUE,FALSE,85.23,78.64,73.06,70.91,255,5,5.79,78.1,3,9,1
December,2,Pf,imported,FALSE,FALSE,TRUE,FALSE,85.23,78.64,73.06,70.91,255,5,5.79,78.1,2,8,1
December,3,Pf,indigenious,FALSE,FALSE,FALSE,TRUE,85.23,78.64,73.06,70.91,255,5,5.79,78.1,4,7,1
December,4,Pv,imported,TRUE,FALSE,FALSE,FALSE,85.23,78.64,73.06,70.91,255,5,5.79,78.1,3,5,4
January,1,Pf,imported,FALSE,FALSE,TRUE,FALSE,85.68,77.3,70.35,68.59,2,0,4.25,75.9,3,1,0
January,2,Pf,imported,FALSE,FALSE,TRUE,FALSE,85.68,77.3,70.35,68.59,2,0,4.25,75.9,3,1,1
January,3,Pv,imported,TRUE,FALSE,FALSE,FALSE,85.68,77.3,70.35,68.59,2,0,4.25,75.9,5,4,0
January,4,Pv,imported,TRUE,FALSE,FALSE,FALSE,85.68,77.3,70.35,68.59,2,0,4.25,75.9,1,1,0
February,1,Pv,imported,TRUE,FALSE,FALSE,FALSE,87.29,79.08,71.68,69.6,70.9,3,6.1,74.4,2,0,0
February,2,Pf,imported,FALSE,FALSE,TRUE,FALSE,87.29,79.08,71.68,69.6,70.9,3,6.1,74.4,4,1,0
February,3,Pv,indigenious,FALSE,TRUE,FALSE,FALSE,87.29,79.08,71.68,69.6,70.9,3,6.1,74.4,1,3,1
February,4,Pf,imported,FALSE,FALSE,TRUE,FALSE,87.29,79.08,71.68,69.6,70.9,3,6.1,74.4,1,2,0
March,1,Pf,indigenious,FALSE,FALSE,FALSE,TRUE,91.16,82.73,74.45,71.84,16.6,0,6.92,71.8,1,1,0
March,2,Pv,indigenious,FALSE,TRUE,FALSE,FALSE,91.16,82.73,74.45,71.84,16.6,0,6.92,71.8,3,0,0
March,3,Pv,imported,TRUE,FALSE,FALSE,FALSE,91.16,82.73,74.45,71.84,16.6,0,6.92,71.8,3,2,1
March,4,Pf,indigenious,FALSE,FALSE,FALSE,TRUE,91.16,82.73,74.45,71.84,16.6,0,6.92,71.8,5,0,0
April,1,Pv,indigenious,FALSE,TRUE,FALSE,FALSE,95.97,87.14,80.17,75.36,21.2,3,9,69.5,3,1,0
April,2,Pv,indigenious,FALSE,TRUE,FALSE,FALSE,95.97,87.14,80.17,75.36,21.2,3,9,69.5,3,0,0
April,3,Pv,indigenious,FALSE,TRUE,FALSE,FALSE,95.97,87.14,80.17,75.36,21.2,3,9,69.5,3,2,1
April,4,Pf,indigenious,FALSE,FALSE,FALSE,TRUE,95.97,87.14,80.17,75.36,21.2,3,9,69.5,5,2,1
May,1,Pf,imported,FALSE,FALSE,TRUE,FALSE,99.58,89.29,82.03,73.94,76.8,5,9.19,62.5,5,0,0
May,2,Pv,indigenious,FALSE,TRUE,FALSE,FALSE,99.58,89.29,82.03,73.94,76.8,5,9.19,62.5,4,3,1
May,3,Pf,imported,FALSE,FALSE,TRUE,FALSE,99.58,89.29,82.03,73.94,76.8,5,9.19,62.5,5,2,1
May,4,Pv,indigenious,FALSE,TRUE,FALSE,FALSE,99.58,89.29,82.03,73.94,76.8,5,9.19,62.5,5,4,1
June,1,Pf,imported,FALSE,FALSE,TRUE,FALSE,96.4,87.91,81.23,70.68,165,7,9.35,58.2,2,0,0
June,2,Pv,imported,TRUE,FALSE,FALSE,FALSE,96.4,87.91,81.23,70.68,165,7,9.35,58.2,3,0,0
June,3,Pv,indigenious,FALSE,TRUE,FALSE,FALSE,96.4,87.91,81.23,70.68,165,7,9.35,58.2,3,0,0
June,4,Pv,imported,TRUE,FALSE,FALSE,FALSE,96.4,87.91,81.23,70.68,165,7,9.35,58.2,5,1,0
July,1,Pf,indigenious,FALSE,FALSE,FALSE,TRUE,92.23,84.77,78.48,72.09,160.2,7,7.65,67.2,5,4,4
July,2,Pv,imported,TRUE,FALSE,FALSE,FALSE,92.23,84.77,78.48,72.09,160.2,7,7.65,67.2,2,9,0
July,3,Pf,imported,FALSE,FALSE,TRUE,FALSE,92.23,84.77,78.48,72.09,160.2,7,7.65,67.2,2,5,0
July,4,Pv,imported,TRUE,FALSE,FALSE,FALSE,92.23,84.77,78.48,72.09,160.2,7,7.65,67.2,5,7,1
August,1,Pf,imported,FALSE,FALSE,TRUE,FALSE,91.97,84.45,77.84,73.37,218.73,7,7.57,70.9,1,3,1
August,2,Pf,indigenious,FALSE,FALSE,FALSE,TRUE,91.97,84.45,77.84,73.37,218.73,7,7.57,70.9,5,8,2
August,3,Pv,indigenious,FALSE,TRUE,FALSE,FALSE,91.97,84.45,77.84,73.37,218.73,7,7.57,70.9,5,5,0
August,4,Pv,indigenious,FALSE,TRUE,FALSE,FALSE,91.97,84.45,77.84,73.37,218.73,7,7.57,70.9,3,5,0
September,1,Pv,imported,TRUE,FALSE,FALSE,FALSE,91.67,84.3,78.07,74.56,349,18,6.26,74,5,1,0
September,2,Pv,imported,TRUE,FALSE,FALSE,FALSE,91.67,84.3,78.07,74.56,349,18,6.26,74,5,7,3
September,3,Pv,indigenious,FALSE,TRUE,FALSE,FALSE,91.67,84.3,78.07,74.56,349,18,6.26,74,1,5,4
September,4,Pv,indigenious,FALSE,TRUE,FALSE,FALSE,91.67,84.3,78.07,74.56,349,18,6.26,74,4,2,0
October,1,Pv,indigenious,FALSE,TRUE,FALSE,FALSE,89.84,83.06,77.06,73.99,337.2,11,6.14,75.6,3,10,0
October,2,Pf,imported,FALSE,FALSE,TRUE,FALSE,89.84,83.06,77.06,73.99,337.2,11,6.14,75.6,3,4,4
October,3,Pv,imported,TRUE,FALSE,FALSE,FALSE,89.84,83.06,77.06,73.99,337.2,11,6.14,75.6,5,5,5
October,4,Pf,indigenious,FALSE,FALSE,FALSE,TRUE,89.84,83.06,77.06,73.99,337.2,11,6.14,75.6,3,4,1
November,1,Pv,imported,TRUE,FALSE,FALSE,FALSE,86.1,79.51,73.7,71.81,186.4,5,5.69,78.5,3,6,0
November,2,Pf,indigenious,FALSE,FALSE,FALSE,TRUE,86.1,79.51,73.7,71.81,186.4,5,5.69,78.5,5,3,0
November,3,Pf,indigenious,FALSE,FALSE,FALSE,TRUE,86.1,79.51,73.7,71.81,186.4,5,5.69,78.5,2,7,2
November,4,Pf,imported,FALSE,FALSE,TRUE,FALSE,86.1,79.51,73.7,71.81,186.4,5,5.69,78.5,4,0,0
December,1,Pv,indigenious,FALSE,TRUE,FALSE,FALSE,83.9,76.73,69.87,66.65,130.7,4,6.01,72.5,3,7,0
December,2,Pf,imported,FALSE,FALSE,TRUE,FALSE,83.9,76.73,69.87,66.65,130.7,4,6.01,72.5,5,6,4
December,3,Pv,indigenious,FALSE,TRUE,FALSE,FALSE,83.9,76.73,69.87,66.65,130.7,4,6.01,72.5,5,8,2
December,4,Pv,indigenious,FALSE,TRUE,FALSE,FALSE,83.9,76.73,69.87,66.65,130.7,4,6.01,72.5,5,1,1
January,1,Pf,imported,FALSE,FALSE,TRUE,FALSE,84.58,77.2,70.35,66.81,8.61,0,6.29,71.5,5,5,1
January,2,Pf,indigenious,FALSE,FALSE,FALSE,TRUE,84.58,77.2,70.35,66.81,8.61,0,6.29,71.5,1,2,1
January,3,Pf,imported,FALSE,FALSE,TRUE,FALSE,84.58,77.2,70.35,66.81,8.61,0,6.29,71.5,1,3,0
January,4,Pf,indigenious,FALSE,FALSE,FALSE,TRUE,84.58,77.2,70.35,66.81,8.61,0,6.29,71.5,5,5,2
February,1,Pv,imported,TRUE,FALSE,FALSE,FALSE,86.61,78.1,69.75,66.03,18.8,0,6.62,68.6,5,3,0
February,2,Pv,indigenious,FALSE,TRUE,FALSE,FALSE,86.61,78.1,69.75,66.03,18.8,0,6.62,68.6,1,1,1
February,3,Pv,imported,TRUE,FALSE,FALSE,FALSE,86.61,78.1,69.75,66.03,18.8,0,6.62,68.6,1,0,0
February,4,Pf,indigenious,FALSE,FALSE,FALSE,TRUE,86.61,78.1,69.75,66.03,18.8,0,6.62,68.6,5,5,1
March,1,Pf,indigenious,FALSE,FALSE,FALSE,TRUE,91.94,82.52,71.52,68.67,1.51,0,7.32,65.6,5,0,0
March,2,Pv,imported,TRUE,FALSE,FALSE,FALSE,91.94,82.52,71.52,68.67,1.51,0,7.32,65.6,2,0,0
March,3,Pv,indigenious,FALSE,TRUE,FALSE,FALSE,91.94,82.52,71.52,68.67,1.51,0,7.32,65.6,2,0,0
March,4,Pv,indigenious,FALSE,TRUE,FALSE,FALSE,91.94,82.52,71.52,68.67,1.51,0,7.32,65.6,1,0,0
April,1,Pf,imported,FALSE,FALSE,TRUE,FALSE,96.07,86.74,79.67,74,0,0,7.99,67.8,3,0,0
April,2,Pv,imported,TRUE,FALSE,FALSE,FALSE,96.07,86.74,79.67,74,0,0,7.99,67.8,3,0,0
April,3,Pv,imported,TRUE,FALSE,FALSE,FALSE,96.07,86.74,79.67,74,0,0,7.99,67.8,2,0,0
April,4,Pv,imported,TRUE,FALSE,FALSE,FALSE,96.07,86.74,79.67,74,0,0,7.99,67.8,3,0,0
May,1,Pv,indigenious,FALSE,TRUE,FALSE,FALSE,99.1,88.98,81.68,74.6,51.8,2,8.51,64.5,2,0,0
May,2,Pv,indigenious,FALSE,TRUE,FALSE,FALSE,99.1,88.98,81.68,74.6,51.8,2,8.51,64.5,3,0,0
May,3,Pf,imported,FALSE,FALSE,TRUE,FALSE,99.1,88.98,81.68,74.6,51.8,2,8.51,64.5,5,1,1
May,4,Pf,imported,FALSE,FALSE,TRUE,FALSE,99.1,88.98,81.68,74.6,51.8,2,8.51,64.5,1,0,0
June,1,Pv,imported,TRUE,FALSE,FALSE,FALSE,99.5,90.1,82.3,74.04,63.8,2,8.99,61.1,1,0,0
June,2,Pv,imported,TRUE,FALSE,FALSE,FALSE,99.5,90.1,82.3,74.04,63.8,2,8.99,61.1,1,3,0
June,3,Pv,imported,TRUE,FALSE,FALSE,FALSE,99.5,90.1,82.3,74.04,63.8,2,8.99,61.1,1,0,0
June,4,Pv,imported,TRUE,FALSE,FALSE,FALSE,99.5,90.1,82.3,74.04,63.8,2,8.99,61.1,5,0,0
July,1,Pv,indigenious,FALSE,TRUE,FALSE,FALSE,95.77,87.82,81.1,73.13,46.1,2,9.49,63,5,2,2
July,2,Pv,indigenious,FALSE,TRUE,FALSE,FALSE,95.77,87.82,81.1,73.13,46.1,2,9.49,63,5,6,3
July,3,Pf,indigenious,FALSE,FALSE,FALSE,TRUE,95.77,87.82,81.1,73.13,46.1,2,9.49,63,3,7,1
July,4,Pf,imported,FALSE,FALSE,TRUE,FALSE,95.77,87.82,81.1,73.13,46.1,2,9.49,63,4,2,1
August,1,Pf,imported,FALSE,FALSE,TRUE,FALSE,93.68,85.66,78.84,73.51,129.08,2,8.33,68.7,5,3,2
August,2,Pf,indigenious,FALSE,FALSE,FALSE,TRUE,93.68,85.66,78.84,73.51,129.08,2,8.33,68.7,1,6,0
August,3,Pf,imported,FALSE,FALSE,TRUE,FALSE,93.68,85.66,78.84,73.51,129.08,2,8.33,68.7,4,5,3
August,4,Pf,imported,FALSE,FALSE,TRUE,FALSE,93.68,85.66,78.84,73.51,129.08,2,8.33,68.7,5,6,3
September,1,Pv,imported,TRUE,FALSE,FALSE,FALSE,91.55,84.12,77.69,74.77,278.91,12,7.07,74.9,5,4,1
September,2,Pf,imported,FALSE,FALSE,TRUE,FALSE,91.55,84.12,77.69,74.77,278.91,12,7.07,74.9,4,10,0
September,3,Pf,indigenious,FALSE,FALSE,FALSE,TRUE,91.55,84.12,77.69,74.77,278.91,12,7.07,74.9,4,5,4
September,4,Pv,imported,TRUE,FALSE,FALSE,FALSE,91.55,84.12,77.69,74.77,278.91,12,7.07,74.9,4,4,4
October,1,Pf,indigenious,FALSE,FALSE,FALSE,TRUE,89.81,82.8,75.03,76.26,300.8,11,4.85,81.8,4,8,2
October,2,Pv,imported,TRUE,FALSE,FALSE,FALSE,89.81,82.8,75.03,76.26,300.8,11,4.85,81.8,5,4,0
October,3,Pf,imported,FALSE,FALSE,TRUE,FALSE,89.81,82.8,75.03,76.26,300.8,11,4.85,81.8,2,0,0
October,4,Pv,imported,TRUE,FALSE,FALSE,FALSE,89.81,82.8,75.03,76.26,300.8,11,4.85,81.8,4,6,3
November,1,Pf,imported,FALSE,FALSE,TRUE,FALSE,86.23,79.65,74.2,72.76,171.4,4,4.98,80.7,4,1,0
November,2,Pv,indigenious,FALSE,TRUE,FALSE,FALSE,86.23,79.65,74.2,72.76,171.4,4,4.98,80.7,2,3,1
November,3,Pv,indigenious,FALSE,TRUE,FALSE,FALSE,86.23,79.65,74.2,72.76,171.4,4,4.98,80.7,4,0,0
November,4,Pf,indigenious,FALSE,FALSE,FALSE,TRUE,86.23,79.65,74.2,72.76,171.4,4,4.98,80.7,4,4,1
December,1,Pf,indigenious,FALSE,FALSE,FALSE,TRUE,84.13,78.21,72.87,71.63,58.63,6,5.74,81.3,5,3,2
December,2,Pv,indigenious,FALSE,TRUE,FALSE,FALSE,84.13,78.21,72.87,71.63,58.63,6,5.74,81.3,2,4,3
December,3,Pf,imported,FALSE,FALSE,TRUE,FALSE,84.13,78.21,72.87,71.63,58.63,6,5.74,81.3,5,5,0
December,4,Pv,imported,TRUE,FALSE,FALSE,FALSE,84.13,78.21,72.87,71.63,58.63,6,5.74,81.3,1,1,1
January,1,Pv,indigenious,FALSE,TRUE,FALSE,FALSE,84.97,77.28,70.1,69.07,23.96,0,5.25,77.1,5,2,0
January,2,Pv,indigenious,FALSE,TRUE,FALSE,FALSE,84.97,77.28,70.1,69.07,23.96,0,5.25,77.1,5,8,0
January,3,Pf,indigenious,FALSE,FALSE,FALSE,TRUE,84.97,77.28,70.1,69.07,23.96,0,5.25,77.1,5,3,0
January,4,Pf,imported,FALSE,FALSE,TRUE,FALSE,84.97,77.28,70.1,69.07,23.96,0,5.25,77.1,3,1,0
February,1,Pv,imported,TRUE,FALSE,FALSE,FALSE,88.18,79.19,71.14,68.8,3.77,0,6.26,72.3,5,4,1
February,2,Pv,imported,TRUE,FALSE,FALSE,FALSE,88.18,79.19,71.14,68.8,3.77,0,6.26,72.3,3,4,0
February,3,Pv,imported,TRUE,FALSE,FALSE,FALSE,88.18,79.19,71.14,68.8,3.77,0,6.26,72.3,2,0,0
February,4,Pv,indigenious,FALSE,TRUE,FALSE,FALSE,88.18,79.19,71.14,68.8,3.77,0,6.26,72.3,5,2,1
March,1,Pv,indigenious,FALSE,TRUE,FALSE,FALSE,91.71,83.91,75.94,73.27,19.16,1,7.04,72.2,5,1,0
March,2,Pf,indigenious,FALSE,FALSE,FALSE,TRUE,91.71,83.91,75.94,73.27,19.16,1,7.04,72.2,5,2,1
March,3,Pf,indigenious,FALSE,FALSE,FALSE,TRUE,91.71,83.91,75.94,73.27,19.16,1,7.04,72.2,1,0,0
March,4,Pf,indigenious,FALSE,FALSE,FALSE,TRUE,91.71,83.91,75.94,73.27,19.16,1,7.04,72.2,3,0,0
April,1,Pv,imported,TRUE,FALSE,FALSE,FALSE,94.47,86.45,79.6,76.41,18.14,1,8.27,73.1,5,2,0
April,2,Pv,imported,TRUE,FALSE,FALSE,FALSE,94.47,86.45,79.6,76.41,18.14,1,8.27,73.1,1,3,0
April,3,Pv,indigenious,FALSE,TRUE,FALSE,FALSE,94.47,86.45,79.6,76.41,18.14,1,8.27,73.1,5,0,0
April,4,Pv,indigenious,FALSE,TRUE,FALSE,FALSE,94.47,86.45,79.6,76.41,18.14,1,8.27,73.1,5,1,0
May,1,Pv,imported,TRUE,FALSE,FALSE,FALSE,97.97,89.16,82.65,77.76,96.14,3,8.47,70.4,3,0,0
May,2,Pv,indigenious,FALSE,TRUE,FALSE,FALSE,97.97,89.16,82.65,77.76,96.14,3,8.47,70.4,1,0,0
May,3,Pv,imported,TRUE,FALSE,FALSE,FALSE,97.97,89.16,82.65,77.76,96.14,3,8.47,70.4,1,0,0
May,4,Pv,imported,TRUE,FALSE,FALSE,FALSE,97.97,89.16,82.65,77.76,96.14,3,8.47,70.4,5,1,0
June,1,Pv,indigenious,FALSE,TRUE,FALSE,FALSE,97.73,88.97,81.6,74.51,104.92,6,9.33,64,1,0,0
June,2,Pf,imported,FALSE,FALSE,TRUE,FALSE,97.73,88.97,81.6,74.51,104.92,6,9.33,64,5,1,0
June,3,Pv,imported,TRUE,FALSE,FALSE,FALSE,97.73,88.97,81.6,74.51,104.92,6,9.33,64,5,2,0
June,4,Pv,imported,TRUE,FALSE,FALSE,FALSE,97.73,88.97,81.6,74.51,104.92,6,9.33,64,5,0,0
July,1,Pf,indigenious,FALSE,FALSE,FALSE,TRUE,99.13,88.67,81.61,74.05,109.78,5,9.41,64.3,5,6,4
July,2,Pf,imported,FALSE,FALSE,TRUE,FALSE,99.13,88.67,81.61,74.05,109.78,5,9.41,64.3,3,3,1
July,3,Pv,indigenious,FALSE,TRUE,FALSE,FALSE,99.13,88.67,81.61,74.05,109.78,5,9.41,64.3,3,4,3
July,4,Pf,indigenious,FALSE,FALSE,FALSE,TRUE,99.13,88.67,81.61,74.05,109.78,5,9.41,64.3,1,4,0
August,1,Pf,imported,FALSE,FALSE,TRUE,FALSE,94.9,86.55,79.52,75.9,254.6,5,6.48,71.9,5,5,4
August,2,Pv,indigenious,FALSE,TRUE,FALSE,FALSE,94.9,86.55,79.52,75.9,254.6,5,6.48,71.9,4,3,1
August,3,Pf,imported,FALSE,FALSE,TRUE,FALSE,94.9,86.55,79.52,75.9,254.6,5,6.48,71.9,4,4,2
August,4,Pf,imported,FALSE,FALSE,TRUE,FALSE,94.9,86.55,79.52,75.9,254.6,5,6.48,71.9,3,2,2
September,1,Pv,imported,TRUE,FALSE,FALSE,FALSE,94.67,86.69,80.37,76.63,192.06,11,7.19,73,1,3,1
September,2,Pf,indigenious,FALSE,FALSE,FALSE,TRUE,94.67,86.69,80.37,76.63,192.06,11,7.19,73,3,3,2
September,3,Pf,indigenious,FALSE,FALSE,FALSE,TRUE,94.67,86.69,80.37,76.63,192.06,11,7.19,73,1,2,1
September,4,Pv,indigenious,FALSE,TRUE,FALSE,FALSE,94.67,86.69,80.37,76.63,192.06,11,7.19,73,5,6,1
October,1,Pf,imported,FALSE,FALSE,TRUE,FALSE,91.94,83.73,77,76.46,210.18,8,5.02,79.9,2,4,3
October,2,Pf,imported,FALSE,FALSE,TRUE,FALSE,91.94,83.73,77,76.46,210.18,8,5.02,79.9,5,6,3
October,3,Pf,indigenious,FALSE,FALSE,FALSE,TRUE,91.94,83.73,77,76.46,210.18,8,5.02,79.9,3,4,2
October,4,Pv,imported,TRUE,FALSE,FALSE,FALSE,91.94,83.73,77,76.46,210.18,8,5.02,79.9,5,5,0
November,1,Pv,indigenious,FALSE,TRUE,FALSE,FALSE,85.8,80.12,76,76.31,1040.05,20,5.43,88.9,1,2,1
November,2,Pv,imported,TRUE,FALSE,FALSE,FALSE,85.8,80.12,76,76.31,1040.05,20,5.43,88.9,5,7,1
November,3,Pv,imported,TRUE,FALSE,FALSE,FALSE,85.8,80.12,76,76.31,1040.05,20,5.43,88.9,2,2,0
November,4,Pf,indigenious,FALSE,FALSE,FALSE,TRUE,85.8,80.12,76,76.31,1040.05,20,5.43,88.9,1,5,5
December,1,Pv,indigenious,FALSE,TRUE,FALSE,FALSE,87.23,79.73,73.26,72.62,285.72,6,4.43,80,1,6,0
December,2,Pv,indigenious,FALSE,TRUE,FALSE,FALSE,87.23,79.73,73.26,72.62,285.72,6,4.43,80,3,2,0
December,3,Pv,indigenious,FALSE,TRUE,FALSE,FALSE,87.23,79.73,73.26,72.62,285.72,6,4.43,80,3,4,1
December,4,Pf,imported,FALSE,FALSE,TRUE,FALSE,87.23,79.73,73.26,72.62,285.72,6,4.43,80,5,1,1
January,1,Pf,imported,FALSE,FALSE,TRUE,FALSE,88.1,79.18,71.58,68.01,16.9,1,4.18,69.9,3,5,0
January,2,Pv,imported,TRUE,FALSE,FALSE,FALSE,88.1,79.18,71.58,68.01,16.9,1,4.18,69.9,2,1,0
January,3,Pf,imported,FALSE,FALSE,TRUE,FALSE,88.1,79.18,71.58,68.01,16.9,1,4.18,69.9,5,3,0
January,4,Pv,indigenious,FALSE,TRUE,FALSE,FALSE,88.1,79.18,71.58,68.01,16.9,1,4.18,69.9,3,1,0
February,1,Pf,imported,FALSE,FALSE,TRUE,FALSE,89.93,81.41,73.55,70.9,1.1,0,5.01,71.9,2,0,0
February,2,Pf,indigenious,FALSE,FALSE,FALSE,TRUE,89.93,81.41,73.55,70.9,1.1,0,5.01,71.9,5,2,1
February,3,Pv,imported,TRUE,FALSE,FALSE,FALSE,89.93,81.41,73.55,70.9,1.1,0,5.01,71.9,5,3,0
February,4,Pv,indigenious,FALSE,TRUE,FALSE,FALSE,89.93,81.41,73.55,70.9,1.1,0,5.01,71.9,5,2,1
March,1,Pv,indigenious,FALSE,TRUE,FALSE,FALSE,93.45,85.26,77.58,74,0.4,0,5.75,70.2,2,0,0
March,2,Pv,indigenious,FALSE,TRUE,FALSE,FALSE,93.45,85.26,77.58,74,0.4,0,5.75,70.2,5,2,1
March,3,Pf,imported,FALSE,FALSE,TRUE,FALSE,93.45,85.26,77.58,74,0.4,0,5.75,70.2,3,0,0
March,4,Pv,imported,TRUE,FALSE,FALSE,FALSE,93.45,85.26,77.58,74,0.4,0,5.75,70.2,5,0,0
April,1,Pv,indigenious,FALSE,TRUE,FALSE,FALSE,97.37,88.74,82.23,77.53,0.2,0,8.13,70.6,5,2,0
April,2,Pf,imported,FALSE,FALSE,TRUE,FALSE,97.37,88.74,82.23,77.53,0.2,0,8.13,70.6,3,0,0
April,3,Pf,imported,FALSE,FALSE,TRUE,FALSE,97.37,88.74,82.23,77.53,0.2,0,8.13,70.6,2,0,0
April,4,Pv,indigenious,FALSE,TRUE,FALSE,FALSE,97.37,88.74,82.23,77.53,0.2,0,8.13,70.6,5,0,0
May,1,Pf,indigenious,FALSE,FALSE,FALSE,TRUE,98,89.62,83.03,76.56,333.8,4,7.76,67.2,5,0,0
May,2,Pf,indigenious,FALSE,FALSE,FALSE,TRUE,98,89.62,83.03,76.56,333.8,4,7.76,67.2,2,0,0
May,3,Pv,imported,TRUE,FALSE,FALSE,FALSE,98,89.62,83.03,76.56,333.8,4,7.76,67.2,3,0,0
May,4,Pf,indigenious,FALSE,FALSE,FALSE,TRUE,98,89.62,83.03,76.56,333.8,4,7.76,67.2,3,0,0
June,1,Pv,indigenious,FALSE,TRUE,FALSE,FALSE,95.1,87.13,77.97,74.73,240.06,13,7.15,68,5,1,0
June,2,Pf,indigenious,FALSE,FALSE,FALSE,TRUE,95.1,87.13,77.97,74.73,240.06,13,7.15,68,5,2,0
June,3,Pv,imported,TRUE,FALSE,FALSE,FALSE,95.1,87.13,77.97,74.73,240.06,13,7.15,68,5,0,0
June,4,Pf,imported,FALSE,FALSE,TRUE,FALSE,95.1,87.13,77.97,74.73,240.06,13,7.15,68,2,0,0
July,1,Pf,imported,FALSE,FALSE,TRUE,FALSE,94.26,86.72,77.26,73.89,71.56,8,7.3,66.9,5,5,5
July,2,Pv,imported,TRUE,FALSE,FALSE,FALSE,94.26,86.72,77.26,73.89,71.56,8,7.3,66.9,2,1,0
July,3,Pv,imported,TRUE,FALSE,FALSE,FALSE,94.26,86.72,77.26,73.89,71.56,8,7.3,66.9,3,1,0
July,4,Pf,indigenious,FALSE,FALSE,FALSE,TRUE,94.26,86.72,77.26,73.89,71.56,8,7.3,66.9,4,4,1
August,1,Pv,imported,TRUE,FALSE,FALSE,FALSE,96.52,87.62,80.52,73.34,157.45,8,7.6,64.3,5,4,2
August,2,Pv,imported,TRUE,FALSE,FALSE,FALSE,96.52,87.62,80.52,73.34,157.45,8,7.6,64.3,3,5,2
August,3,Pf,imported,FALSE,FALSE,TRUE,FALSE,96.52,87.62,80.52,73.34,157.45,8,7.6,64.3,2,0,0
August,4,Pf,imported,FALSE,FALSE,TRUE,FALSE,96.52,87.62,80.52,73.34,157.45,8,7.6,64.3,4,4,3
September,1,Pf,indigenious,FALSE,FALSE,FALSE,TRUE,93.3,85.17,76.1,74.96,334.86,11,5.97,72.9,5,5,0
September,2,Pv,indigenious,FALSE,TRUE,FALSE,FALSE,93.3,85.17,76.1,74.96,334.86,11,5.97,72.9,3,5,0
September,3,Pv,imported,TRUE,FALSE,FALSE,FALSE,93.3,85.17,76.1,74.96,334.86,11,5.97,72.9,3,6,4
September,4,Pv,indigenious,FALSE,TRUE,FALSE,FALSE,93.3,85.17,76.1,74.96,334.86,11,5.97,72.9,5,1,0
October,1,Pv,indigenious,FALSE,TRUE,FALSE,FALSE,93.68,84.8,77.71,72.34,112.6,3,4.57,68.3,5,3,0
October,2,Pf,imported,FALSE,FALSE,TRUE,FALSE,93.68,84.8,77.71,72.34,112.6,3,4.57,68.3,2,5,5
October,3,Pf,imported,FALSE,FALSE,TRUE,FALSE,93.68,84.8,77.71,72.34,112.6,3,4.57,68.3,2,0,0
October,4,Pf,indigenious,FALSE,FALSE,FALSE,TRUE,93.68,84.8,77.71,72.34,112.6,3,4.57,68.3,1,1,0
November,1,Pf,indigenious,FALSE,FALSE,FALSE,TRUE,88.63,80.24,72.67,70.18,40.27,0,4.34,73.2,1,4,1
November,2,Pf,indigenious,FALSE,FALSE,FALSE,TRUE,88.63,80.24,72.67,70.18,40.27,0,4.34,73.2,5,6,4
November,3,Pf,imported,FALSE,FALSE,TRUE,FALSE,88.63,80.24,72.67,70.18,40.27,0,4.34,73.2,3,5,0
November,4,Pv,indigenious,FALSE,TRUE,FALSE,FALSE,88.63,80.24,72.67,70.18,40.27,0,4.34,73.2,1,1,0
December,1,Pf,imported,FALSE,FALSE,TRUE,FALSE,85.23,77.55,70.87,69.08,305.28,3,5.7,76.5,3,5,4
December,2,Pf,imported,FALSE,FALSE,TRUE,FALSE,85.23,77.55,70.87,69.08,305.28,3,5.7,76.5,3,3,1
December,3,Pf,indigenious,FALSE,FALSE,FALSE,TRUE,85.23,77.55,70.87,69.08,305.28,3,5.7,76.5,3,7,3
December,4,Pv,indigenious,FALSE,TRUE,FALSE,FALSE,85.23,77.55,70.87,69.08,305.28,3,5.7,76.5,3,6,1
January,1,Pv,imported,TRUE,FALSE,FALSE,FALSE,85.68,77.82,70.68,67.83,27.23,2,4.67,72.6,3,1,0
January,2,Pf,imported,FALSE,FALSE,TRUE,FALSE,85.68,77.82,70.68,67.83,27.23,2,4.67,72.6,5,1,0
January,3,Pf,indigenious,FALSE,FALSE,FALSE,TRUE,85.68,77.82,70.68,67.83,27.23,2,4.67,72.6,3,0,0
January,4,Pv,indigenious,FALSE,TRUE,FALSE,FALSE,85.68,77.82,70.68,67.83,27.23,2,4.67,72.6,2,0,0
February,1,Pf,indigenious,FALSE,FALSE,FALSE,TRUE,88.68,79.31,70.86,67.34,1.6,0,4.11,68.7,4,2,0
February,2,Pf,imported,FALSE,FALSE,TRUE,FALSE,88.68,79.31,70.86,67.34,1.6,0,4.11,68.7,5,5,3
February,3,Pf,imported,FALSE,FALSE,TRUE,FALSE,88.68,79.31,70.86,67.34,1.6,0,4.11,68.7,2,1,1
February,4,Pf,imported,FALSE,FALSE,TRUE,FALSE,88.68,79.31,70.86,67.34,1.6,0,4.11,68.7,2,1,0
March,1,Pf,imported,FALSE,FALSE,TRUE,FALSE,92.87,84.9,78.32,74.62,33.8,2,6.29,72.3,1,0,0
March,2,Pf,indigenious,FALSE,FALSE,FALSE,TRUE,92.87,84.9,78.32,74.62,33.8,2,6.29,72.3,5,0,0
March,3,Pf,imported,FALSE,FALSE,TRUE,FALSE,92.87,84.9,78.32,74.62,33.8,2,6.29,72.3,5,0,0
March,4,Pv,indigenious,FALSE,TRUE,FALSE,FALSE,92.87,84.9,78.32,74.62,33.8,2,6.29,72.3,5,0,0
April,1,Pv,imported,TRUE,FALSE,FALSE,FALSE,99.03,89.18,82.7,77.91,0.5,0,7.35,70.6,2,0,0
April,2,Pf,indigenious,FALSE,FALSE,FALSE,TRUE,99.03,89.18,82.7,77.91,0.5,0,7.35,70.6,5,1,1
April,3,Pv,imported,TRUE,FALSE,FALSE,FALSE,99.03,89.18,82.7,77.91,0.5,0,7.35,70.6,4,0,0
April,4,Pv,imported,TRUE,FALSE,FALSE,FALSE,99.03,89.18,82.7,77.91,0.5,0,7.35,70.6,3,0,0
May,1,Pv,imported,TRUE,FALSE,FALSE,FALSE,102.23,91.72,84.65,75.78,19.1,1,7.65,61.4,5,1,0
May,2,Pv,indigenious,FALSE,TRUE,FALSE,FALSE,102.23,91.72,84.65,75.78,19.1,1,7.65,61.4,5,3,0
May,3,Pf,imported,FALSE,FALSE,TRUE,FALSE,102.23,91.72,84.65,75.78,19.1,1,7.65,61.4,3,0,0
May,4,Pf,indigenious,FALSE,FALSE,FALSE,TRUE,102.23,91.72,84.65,75.78,19.1,1,7.65,61.4,1,0,0
June,1,Pf,imported,FALSE,FALSE,TRUE,FALSE,99.7,90.24,80.77,74.16,139.3,15,9.26,60.9,1,0,0
June,2,Pv,imported,TRUE,FALSE,FALSE,FALSE,99.7,90.24,80.77,74.16,139.3,15,9.26,60.9,5,6,0
June,3,Pv,indigenious,FALSE,TRUE,FALSE,FALSE,99.7,90.24,80.77,74.16,139.3,15,9.26,60.9,5,1,0
June,4,Pv,imported,TRUE,FALSE,FALSE,FALSE,99.7,90.24,80.77,74.16,139.3,15,9.26,60.9,5,0,0
July,1,Pv,indigenious,FALSE,TRUE,FALSE,FALSE,96.68,88,67.9,74.22,88.2,2,8.26,64.8,4,9,1
July,2,Pf,indigenious,FALSE,FALSE,FALSE,TRUE,96.68,88,67.9,74.22,88.2,2,8.26,64.8,4,2,0
July,3,Pv,indigenious,FALSE,TRUE,FALSE,FALSE,96.68,88,67.9,74.22,88.2,2,8.26,64.8,4,3,0
July,4,Pv,indigenious,FALSE,TRUE,FALSE,FALSE,96.68,88,67.9,74.22,88.2,2,8.26,64.8,5,2,1
August,1,Pv,indigenious,FALSE,TRUE,FALSE,FALSE,94.06,85.49,76.52,76.52,234.2,10,7.39,75.7,1,1,1
August,2,Pf,indigenious,FALSE,FALSE,FALSE,TRUE,94.06,85.49,76.52,76.52,234.2,10,7.39,75.7,2,1,0
August,3,Pf,indigenious,FALSE,FALSE,FALSE,TRUE,94.06,85.49,76.52,76.52,234.2,10,7.39,75.7,3,4,1
August,4,Pv,imported,TRUE,FALSE,FALSE,FALSE,94.06,85.49,76.52,76.52,234.2,10,7.39,75.7,3,5,1
September,1,Pf,indigenious,FALSE,FALSE,FALSE,TRUE,92.4,85.6,79.7,77.49,222.6,9,6.27,77.3,5,9,0
September,2,Pv,indigenious,FALSE,TRUE,FALSE,FALSE,92.4,85.6,79.7,77.49,222.6,9,6.27,77.3,4,6,0
September,3,Pf,indigenious,FALSE,FALSE,FALSE,TRUE,92.4,85.6,79.7,77.49,222.6,9,6.27,77.3,2,10,0
September,4,Pf,imported,FALSE,FALSE,TRUE,FALSE,92.4,85.6,79.7,77.49,222.6,9,6.27,77.3,5,1,0
October,1,Pf,imported,FALSE,FALSE,TRUE,FALSE,91.13,84.05,76.19,77.49,388.49,13,5.7,81.3,1,2,0
October,2,Pf,indigenious,FALSE,FALSE,FALSE,TRUE,91.13,84.05,76.19,77.49,388.49,13,5.7,81.3,2,7,2
October,3,Pv,imported,TRUE,FALSE,FALSE,FALSE,91.13,84.05,76.19,77.49,388.49,13,5.7,81.3,4,8,1
October,4,Pf,imported,FALSE,FALSE,TRUE,FALSE,91.13,84.05,76.19,77.49,388.49,13,5.7,81.3,4,4,2
November,1,Pf,indigenious,FALSE,FALSE,FALSE,TRUE,86.17,80.87,76.6,75.77,720.5,12,5.79,85.5,5,7,2
November,2,Pv,indigenious,FALSE,TRUE,FALSE,FALSE,86.17,80.87,76.6,75.77,720.5,12,5.79,85.5,5,1,0
November,3,Pf,indigenious,FALSE,FALSE,FALSE,TRUE,86.17,80.87,76.6,75.77,720.5,12,5.79,85.5,5,10,0
November,4,Pv,indigenious,FALSE,TRUE,FALSE,FALSE,86.17,80.87,76.6,75.77,720.5,12,5.79,85.5,2,1,0
December,1,Pf,imported,FALSE,FALSE,TRUE,FALSE,86.94,79.8,71.1,71.23,42.2,2,5.9,76,2,7,1
December,2,Pf,indigenious,FALSE,FALSE,FALSE,TRUE,86.94,79.8,71.1,71.23,42.2,2,5.9,76,2,3,1
December,3,Pv,indigenious,FALSE,TRUE,FALSE,FALSE,86.94,79.8,71.1,71.23,42.2,2,5.9,76,2,10,0
December,4,Pv,imported,TRUE,FALSE,FALSE,FALSE,86.94,79.8,71.1,71.23,42.2,2,5.9,76,1,4,1
January,1,Pv,indigenious,FALSE,TRUE,FALSE,FALSE,86.23,77.84,70.87,67.55,14.6,1,5.2,72.7,5,1,0
January,2,Pf,indigenious,FALSE,FALSE,FALSE,TRUE,86.23,77.84,70.87,67.55,14.6,1,5.2,72.7,1,3,0
January,3,Pf,indigenious,FALSE,FALSE,FALSE,TRUE,86.23,77.84,70.87,67.55,14.6,1,5.2,72.7,1,1,0
January,4,Pv,indigenious,FALSE,TRUE,FALSE,FALSE,86.23,77.84,70.87,67.55,14.6,1,5.2,72.7,5,8,1
February,1,Pv,indigenious,FALSE,TRUE,FALSE,FALSE,88.75,80.16,72.18,69.51,4.1,0,5.95,71.7,3,0,0
February,2,Pf,imported,FALSE,FALSE,TRUE,FALSE,88.75,80.16,72.18,69.51,4.1,0,5.95,71.7,4,2,2
February,3,Pf,imported,FALSE,FALSE,TRUE,FALSE,88.75,80.16,72.18,69.51,4.1,0,5.95,71.7,5,2,2
February,4,Pf,imported,FALSE,FALSE,TRUE,FALSE,88.75,80.16,72.18,69.51,4.1,0,5.95,71.7,5,3,0
March,1,Pv,imported,TRUE,FALSE,FALSE,FALSE,93.42,84.24,76.19,73.59,4.5,0,6.8,72.5,3,0,0
March,2,Pv,indigenious,FALSE,TRUE,FALSE,FALSE,93.42,84.24,76.19,73.59,4.5,0,6.8,72.5,3,2,1
March,3,Pf,imported,FALSE,FALSE,TRUE,FALSE,93.42,84.24,76.19,73.59,4.5,0,6.8,72.5,3,0,0
March,4,Pf,indigenious,FALSE,FALSE,FALSE,TRUE,93.42,84.24,76.19,73.59,4.5,0,6.8,72.5,3,1,1
April,1,Pv,imported,TRUE,FALSE,FALSE,FALSE,96.4,88.77,82.57,77.93,3.2,0,8.76,71.2,5,0,0
April,2,Pv,imported,TRUE,FALSE,FALSE,FALSE,96.4,88.77,82.57,77.93,3.2,0,8.76,71.2,5,0,0
April,3,Pv,indigenious,FALSE,TRUE,FALSE,FALSE,96.4,88.77,82.57,77.93,3.2,0,8.76,71.2,5,2,1
April,4,Pv,imported,TRUE,FALSE,FALSE,FALSE,96.4,88.77,82.57,77.93,3.2,0,8.76,71.2,4,0,0
May,1,Pv,imported,TRUE,FALSE,FALSE,FALSE,99.35,90.87,84.84,78.27,26.5,2,9.53,67.7,5,0,0
May,2,Pv,imported,TRUE,FALSE,FALSE,FALSE,99.35,90.87,84.84,78.27,26.5,2,9.53,67.7,5,2,2
May,3,Pf,indigenious,FALSE,FALSE,FALSE,TRUE,99.35,90.87,84.84,78.27,26.5,2,9.53,67.7,5,0,0
May,4,Pv,imported,TRUE,FALSE,FALSE,FALSE,99.35,90.87,84.84,78.27,26.5,2,9.53,67.7,5,3,2
June,1,Pf,indigenious,FALSE,FALSE,FALSE,TRUE,100,90.59,80.8,74.14,103.8,5,9.54,59.9,1,1,0
June,2,Pf,imported,FALSE,FALSE,TRUE,FALSE,100,90.59,80.8,74.14,103.8,5,9.54,59.9,4,3,1
June,3,Pf,imported,FALSE,FALSE,TRUE,FALSE,100,90.59,80.8,74.14,103.8,5,9.54,59.9,4,0,0
June,4,Pv,indigenious,FALSE,TRUE,FALSE,FALSE,100,90.59,80.8,74.14,103.8,5,9.54,59.9,5,3,0
July,1,Pf,imported,FALSE,FALSE,TRUE,FALSE,97.39,89.38,77.48,73.43,43.4,2,9.89,60.3,2,2,2
July,2,Pv,imported,TRUE,FALSE,FALSE,FALSE,97.39,89.38,77.48,73.43,43.4,2,9.89,60.3,3,5,0
July,3,Pf,indigenious,FALSE,FALSE,FALSE,TRUE,97.39,89.38,77.48,73.43,43.4,2,9.89,60.3,3,4,0
July,4,Pv,indigenious,FALSE,TRUE,FALSE,FALSE,97.39,89.38,77.48,73.43,43.4,2,9.89,60.3,4,3,2
August,1,Pf,indigenious,FALSE,FALSE,FALSE,TRUE,95.61,86.88,80.52,74.58,94,4,8.04,68.4,3,1,0
August,2,Pv,indigenious,FALSE,TRUE,FALSE,FALSE,95.61,86.88,80.52,74.58,94,4,8.04,68.4,5,8,2
August,3,Pv,indigenious,FALSE,TRUE,FALSE,FALSE,95.61,86.88,80.52,74.58,94,4,8.04,68.4,2,4,1
August,4,Pv,imported,TRUE,FALSE,FALSE,FALSE,95.61,86.88,80.52,74.58,94,4,8.04,68.4,3,5,1
September,1,Pv,imported,TRUE,FALSE,FALSE,FALSE,93.6,85.94,79.7,75.12,139.15,7,8.02,71.4,2,4,4
September,2,Pv,indigenious,FALSE,TRUE,FALSE,FALSE,93.6,85.94,79.7,75.12,139.15,7,8.02,71.4,3,8,2
September,3,Pf,indigenious,FALSE,FALSE,FALSE,TRUE,93.6,85.94,79.7,75.12,139.15,7,8.02,71.4,3,9,1
September,4,Pv,indigenious,FALSE,TRUE,FALSE,FALSE,93.6,85.94,79.7,75.12,139.15,7,8.02,71.4,5,9,1
October,1,Pv,imported,TRUE,FALSE,FALSE,FALSE,90.13,83.65,77.68,75.13,293.21,7,5.96,77.1,5,2,0
October,2,Pf,imported,FALSE,FALSE,TRUE,FALSE,90.13,83.65,77.68,75.13,293.21,7,5.96,77.1,1,3,1
October,3,Pf,indigenious,FALSE,FALSE,FALSE,TRUE,90.13,83.65,77.68,75.13,293.21,7,5.96,77.1,5,10,0
October,4,Pf,indigenious,FALSE,FALSE,FALSE,TRUE,90.13,83.65,77.68,75.13,293.21,7,5.96,77.1,2,8,0
November,1,Pf,indigenious,FALSE,FALSE,FALSE,TRUE,88,81.76,75.97,74.58,379.6,9,6.25,80,4,7,2
November,2,Pv,indigenious,FALSE,TRUE,FALSE,FALSE,88,81.76,75.97,74.58,379.6,9,6.25,80,3,8,0
November,3,Pf,imported,FALSE,FALSE,TRUE,FALSE,88,81.76,75.97,74.58,379.6,9,6.25,80,2,0,0
November,4,Pf,indigenious,FALSE,FALSE,FALSE,TRUE,88,81.76,75.97,74.58,379.6,9,6.25,80,4,4,1
December,1,Pv,imported,TRUE,FALSE,FALSE,FALSE,85.71,79.6,73.94,71.99,78.1,2,6.19,78.6,3,2,2
December,2,Pv,indigenious,FALSE,TRUE,FALSE,FALSE,85.71,79.6,73.94,71.99,78.1,2,6.19,78.6,5,7,3
December,3,Pf,imported,FALSE,FALSE,TRUE,FALSE,85.71,79.6,73.94,71.99,78.1,2,6.19,78.6,3,7,2
December,4,Pv,imported,TRUE,FALSE,FALSE,FALSE,85.71,79.6,73.94,71.99,78.1,2,6.19,78.6,2,0,0
January,1,Pf,imported,FALSE,FALSE,TRUE,FALSE,85.42,77.59,70.1,68.38,4,0,6.02,74.5,2,1,1
January,2,Pf,indigenious,FALSE,FALSE,FALSE,TRUE,85.42,77.59,70.1,68.38,4,0,6.02,74.5,5,1,0
January,3,Pf,indigenious,FALSE,FALSE,FALSE,TRUE,85.42,77.59,70.1,68.38,4,0,6.02,74.5,3,2,2
January,4,Pf,imported,FALSE,FALSE,TRUE,FALSE,85.42,77.59,70.1,68.38,4,0,6.02,74.5,5,3,3
February,1,Pf,indigenious,FALSE,FALSE,FALSE,TRUE,90.18,82.36,74.82,72.4,13.4,1,7.15,73.5,5,3,1
February,2,Pf,imported,FALSE,FALSE,TRUE,FALSE,90.18,82.36,74.82,72.4,13.4,1,7.15,73.5,2,0,0
February,3,Pf,indigenious,FALSE,FALSE,FALSE,TRUE,90.18,82.36,74.82,72.4,13.4,1,7.15,73.5,3,1,0
February,4,Pf,indigenious,FALSE,FALSE,FALSE,TRUE,90.18,82.36,74.82,72.4,13.4,1,7.15,73.5,2,3,0
March,1,Pf,imported,FALSE,FALSE,TRUE,FALSE,94.77,85.97,77.74,74.05,9.7,1,8.19,69.5,4,0,0
March,2,Pf,imported,FALSE,FALSE,TRUE,FALSE,94.77,85.97,77.74,74.05,9.7,1,8.19,69.5,5,2,1
March,3,Pf,indigenious,FALSE,FALSE,FALSE,TRUE,94.77,85.97,77.74,74.05,9.7,1,8.19,69.5,2,0,0
March,4,Pv,indigenious,FALSE,TRUE,FALSE,FALSE,94.77,85.97,77.74,74.05,9.7,1,8.19,69.5,2,0,0
April,1,Pf,indigenious,FALSE,FALSE,FALSE,TRUE,98.37,89.28,82.23,77.43,0.5,0,8.43,69.5,4,2,1
April,2,Pv,indigenious,FALSE,TRUE,FALSE,FALSE,98.37,89.28,82.23,77.43,0.5,0,8.43,69.5,3,0,0
April,3,Pf,imported,FALSE,FALSE,TRUE,FALSE,98.37,89.28,82.23,77.43,0.5,0,8.43,69.5,3,0,0
April,4,Pf,imported,FALSE,FALSE,TRUE,FALSE,98.37,89.28,82.23,77.43,0.5,0,8.43,69.5,2,2,1
May,1,Pv,indigenious,FALSE,TRUE,FALSE,FALSE,103.26,92.45,85.87,78.34,16.2,1,9.96,65.2,5,3,0
May,2,Pv,indigenious,FALSE,TRUE,FALSE,FALSE,103.26,92.45,85.87,78.34,16.2,1,9.96,65.2,2,0,0
May,3,Pf,imported,FALSE,FALSE,TRUE,FALSE,103.26,92.45,85.87,78.34,16.2,1,9.96,65.2,4,3,1
May,4,Pf,imported,FALSE,FALSE,TRUE,FALSE,103.26,92.45,85.87,78.34,16.2,1,9.96,65.2,4,0,0
June,1,Pv,imported,TRUE,FALSE,FALSE,FALSE,103.63,92.71,85.77,75.2,82.3,5,9.46,58.7,5,1,0
June,2,Pv,indigenious,FALSE,TRUE,FALSE,FALSE,103.63,92.71,85.77,75.2,82.3,5,9.46,58.7,5,0,0
June,3,Pf,indigenious,FALSE,FALSE,FALSE,TRUE,103.63,92.71,85.77,75.2,82.3,5,9.46,58.7,5,0,0
June,4,Pf,indigenious,FALSE,FALSE,FALSE,TRUE,103.63,92.71,85.77,75.2,82.3,5,9.46,58.7,5,0,0
July,1,Pf,imported,FALSE,FALSE,TRUE,FALSE,98.26,89.05,82.29,75.24,167,4,9,65.8,5,0,0
July,2,Pv,imported,TRUE,FALSE,FALSE,FALSE,98.26,89.05,82.29,75.24,167,4,9,65.8,3,5,4
July,3,Pf,imported,FALSE,FALSE,TRUE,FALSE,98.26,89.05,82.29,75.24,167,4,9,65.8,5,10,0
July,4,Pv,imported,TRUE,FALSE,FALSE,FALSE,98.26,89.05,82.29,75.24,167,4,9,65.8,2,4,1
August,1,Pf,indigenious,FALSE,FALSE,FALSE,TRUE,96.42,88.54,81.65,77,175.6,6,9.07,70,3,0,0
August,2,Pf,imported,FALSE,FALSE,TRUE,FALSE,96.42,88.54,81.65,77,175.6,6,9.07,70,2,0,0
August,3,Pv,imported,TRUE,FALSE,FALSE,FALSE,96.42,88.54,81.65,77,175.6,6,9.07,70,4,6,1
August,4,Pf,indigenious,FALSE,FALSE,FALSE,TRUE,96.42,88.54,81.65,77,175.6,6,9.07,70,3,5,1
September,1,Pv,imported,TRUE,FALSE,FALSE,FALSE,92.37,85.33,79.13,75.96,187.8,6,6.74,74.8,1,1,1
September,2,Pv,imported,TRUE,FALSE,FALSE,FALSE,92.37,85.33,79.13,75.96,187.8,6,6.74,74.8,5,6,4
September,3,Pf,indigenious,FALSE,FALSE,FALSE,TRUE,92.37,85.33,79.13,75.96,187.8,6,6.74,74.8,5,8,2
September,4,Pf,imported,FALSE,FALSE,TRUE,FALSE,92.37,85.33,79.13,75.96,187.8,6,6.74,74.8,2,0,0
October,1,Pv,indigenious,FALSE,TRUE,FALSE,FALSE,89.29,83.39,77.97,76.86,330.2,11,5.28,81.7,1,3,0
October,2,Pv,imported,TRUE,FALSE,FALSE,FALSE,89.29,83.39,77.97,76.86,330.2,11,5.28,81.7,5,3,1
October,3,Pf,indigenious,FALSE,FALSE,FALSE,TRUE,89.29,83.39,77.97,76.86,330.2,11,5.28,81.7,5,6,2
October,4,Pv,indigenious,FALSE,TRUE,FALSE,FALSE,89.29,83.39,77.97,76.86,330.2,11,5.28,81.7,5,6,4
November,1,Pv,indigenious,FALSE,TRUE,FALSE,FALSE,89.33,82.63,76.87,75.4,348,10,5.59,80,5,6,0
November,2,Pf,imported,FALSE,FALSE,TRUE,FALSE,89.33,82.63,76.87,75.4,348,10,5.59,80,3,7,0
November,3,Pv,indigenious,FALSE,TRUE,FALSE,FALSE,89.33,82.63,76.87,75.4,348,10,5.59,80,5,9,1
November,4,Pv,imported,TRUE,FALSE,FALSE,FALSE,89.33,82.63,76.87,75.4,348,10,5.59,80,4,9,1
December,1,Pf,indigenious,FALSE,FALSE,FALSE,TRUE,85.94,79.65,74.26,72.48,171.7,3,5.78,79.6,4,7,2
December,2,Pv,indigenious,FALSE,TRUE,FALSE,FALSE,85.94,79.65,74.26,72.48,171.7,3,5.78,79.6,1,1,1
December,3,Pv,imported,TRUE,FALSE,FALSE,FALSE,85.94,79.65,74.26,72.48,171.7,3,5.78,79.6,3,5,3
December,4,Pv,imported,TRUE,FALSE,FALSE,FALSE,85.94,79.65,74.26,72.48,171.7,3,5.78,79.6,5,5,5
January,1,Pv,indigenious,FALSE,TRUE,FALSE,FALSE,87.16,79.63,72.65,70.64,48.2,0,5.63,75.2,3,0,0
January,2,Pv,indigenious,FALSE,TRUE,FALSE,FALSE,87.16,79.63,72.65,70.64,48.2,0,5.63,75.2,3,2,2
January,3,Pf,imported,FALSE,FALSE,TRUE,FALSE,87.16,79.63,72.65,70.64,48.2,0,5.63,75.2,2,1,0
January,4,Pf,imported,FALSE,FALSE,TRUE,FALSE,87.16,79.63,72.65,70.64,48.2,0,5.63,75.2,2,0,0
February,1,Pf,indigenious,FALSE,FALSE,FALSE,TRUE,89.07,81.27,73.17,69.42,2.7,1,6.79,68.5,1,6,0
February,2,Pv,indigenious,FALSE,TRUE,FALSE,FALSE,89.07,81.27,73.17,69.42,2.7,1,6.79,68.5,3,4,1
February,3,Pf,indigenious,FALSE,FALSE,FALSE,TRUE,89.07,81.27,73.17,69.42,2.7,1,6.79,68.5,3,1,0
February,4,Pf,indigenious,FALSE,FALSE,FALSE,TRUE,89.07,81.27,73.17,69.42,2.7,1,6.79,68.5,4,0,0
March,1,Pv,indigenious,FALSE,TRUE,FALSE,FALSE,90.87,83.91,76.55,72.43,0.4,0,6.87,69.6,3,0,0
March,2,Pv,imported,TRUE,FALSE,FALSE,FALSE,90.87,83.91,76.55,72.43,0.4,0,6.87,69.6,3,0,0
March,3,Pf,imported,FALSE,FALSE,TRUE,FALSE,90.87,83.91,76.55,72.43,0.4,0,6.87,69.6,5,0,0
March,4,Pf,imported,FALSE,FALSE,TRUE,FALSE,90.87,83.91,76.55,72.43,0.4,0,6.87,69.6,4,4,2
April,1,Pf,indigenious,FALSE,FALSE,FALSE,TRUE,94.3,87.06,80.23,76.57,3.8,1,7.4,72,5,0,0
April,2,Pv,imported,TRUE,FALSE,FALSE,FALSE,94.3,87.06,80.23,76.57,3.8,1,7.4,72,5,0,0
April,3,Pf,imported,FALSE,FALSE,TRUE,FALSE,94.3,87.06,80.23,76.57,3.8,1,7.4,72,2,0,0
April,4,Pv,indigenious,FALSE,TRUE,FALSE,FALSE,94.3,87.06,80.23,76.57,3.8,1,7.4,72,4,0,0
May,1,Pv,imported,TRUE,FALSE,FALSE,FALSE,99.65,90.72,84.03,78.1,0,0,8.45,67.9,4,0,0
May,2,Pf,imported,FALSE,FALSE,TRUE,FALSE,99.65,90.72,84.03,78.1,0,0,8.45,67.9,5,0,0
May,3,Pf,indigenious,FALSE,FALSE,FALSE,TRUE,99.65,90.72,84.03,78.1,0,0,8.45,67.9,5,1,0
May,4,Pf,imported,FALSE,FALSE,TRUE,FALSE,99.65,90.72,84.03,78.1,0,0,8.45,67.9,3,0,0
June,1,Pv,indigenious,FALSE,TRUE,FALSE,FALSE,99.07,89.98,83.5,74.81,120.1,4,8.77,62.6,5,1,1
June,2,Pf,imported,FALSE,FALSE,TRUE,FALSE,99.07,89.98,83.5,74.81,120.1,4,8.77,62.6,5,0,0
June,3,Pv,indigenious,FALSE,TRUE,FALSE,FALSE,99.07,89.98,83.5,74.81,120.1,4,8.77,62.6,3,0,0
June,4,Pv,imported,TRUE,FALSE,FALSE,FALSE,99.07,89.98,83.5,74.81,120.1,4,8.77,62.6,3,0,0
July,1,Pf,indigenious,FALSE,FALSE,FALSE,TRUE,93,85.78,79.71,77.02,265.5,9,6.85,76.1,3,5,0
July,2,Pf,imported,FALSE,FALSE,TRUE,FALSE,93,85.78,79.71,77.02,265.5,9,6.85,76.1,3,2,0
July,3,Pv,imported,TRUE,FALSE,FALSE,FALSE,93,85.78,79.71,77.02,265.5,9,6.85,76.1,5,4,0
July,4,Pf,imported,FALSE,FALSE,TRUE,FALSE,93,85.78,79.71,77.02,265.5,9,6.85,76.1,5,5,2
August,1,Pv,indigenious,FALSE,TRUE,FALSE,FALSE,92.48,85.79,80.29,75.35,163.7,3,7.12,71.9,4,2,0
August,2,Pf,indigenious,FALSE,FALSE,FALSE,TRUE,92.48,85.79,80.29,75.35,163.7,3,7.12,71.9,1,4,0
August,3,Pf,imported,FALSE,FALSE,TRUE,FALSE,92.48,85.79,80.29,75.35,163.7,3,7.12,71.9,2,5,1
August,4,Pf,indigenious,FALSE,FALSE,FALSE,TRUE,92.48,85.79,80.29,75.35,163.7,3,7.12,71.9,1,1,1
September,1,Pv,imported,TRUE,FALSE,FALSE,FALSE,90.9,83.8,78.27,74.91,269.2,15,6.5,75.8,1,8,2
September,2,Pf,indigenious,FALSE,FALSE,FALSE,TRUE,90.9,83.8,78.27,74.91,269.2,15,6.5,75.8,5,5,3
September,3,Pv,indigenious,FALSE,TRUE,FALSE,FALSE,90.9,83.8,78.27,74.91,269.2,15,6.5,75.8,3,9,1
September,4,Pf,imported,FALSE,FALSE,TRUE,FALSE,90.9,83.8,78.27,74.91,269.2,15,6.5,75.8,5,6,1
October,1,Pf,indigenious,FALSE,FALSE,FALSE,TRUE,90.84,84,78.77,75.01,211.6,9,5.72,76.1,3,10,0
October,2,Pv,indigenious,FALSE,TRUE,FALSE,FALSE,90.84,84,78.77,75.01,211.6,9,5.72,76.1,5,6,2
October,3,Pf,imported,FALSE,FALSE,TRUE,FALSE,90.84,84,78.77,75.01,211.6,9,5.72,76.1,2,0,0
October,4,Pv,indigenious,FALSE,TRUE,FALSE,FALSE,90.84,84,78.77,75.01,211.6,9,5.72,76.1,2,9,1
November,1,Pv,imported,TRUE,FALSE,FALSE,FALSE,87.57,81.16,75.83,75.91,548.8,12,6.43,85,1,2,1
November,2,Pf,indigenious,FALSE,FALSE,FALSE,TRUE,87.57,81.16,75.83,75.91,548.8,12,6.43,85,5,6,3
November,3,Pf,indigenious,FALSE,FALSE,FALSE,TRUE,87.57,81.16,75.83,75.91,548.8,12,6.43,85,3,3,1
November,4,Pv,indigenious,FALSE,TRUE,FALSE,FALSE,87.57,81.16,75.83,75.91,548.8,12,6.43,85,3,7,2
December,1,Pf,imported,FALSE,FALSE,TRUE,FALSE,86.61,80.19,74.77,73.17,312.4,8,5.86,80.3,2,0,0
December,2,Pf,imported,FALSE,FALSE,TRUE,FALSE,86.61,80.19,74.77,73.17,312.4,8,5.86,80.3,5,8,2
December,3,Pf,indigenious,FALSE,FALSE,FALSE,TRUE,86.61,80.19,74.77,73.17,312.4,8,5.86,80.3,3,7,1
December,4,Pv,indigenious,FALSE,TRUE,FALSE,FALSE,86.61,80.19,74.77,73.17,312.4,8,5.86,80.3,5,8,2
January,1,Pv,imported,TRUE,FALSE,FALSE,FALSE,85.9,79.42,73.87,72.28,162.6,2,5.14,80,1,5,1
January,2,Pv,indigenious,FALSE,TRUE,FALSE,FALSE,85.9,79.42,73.87,72.28,162.6,2,5.14,80,4,0,0
January,3,Pv,imported,TRUE,FALSE,FALSE,FALSE,85.9,79.42,73.87,72.28,162.6,2,5.14,80,2,1,0
January,4,Pv,indigenious,FALSE,TRUE,FALSE,FALSE,85.9,79.42,73.87,72.28,162.6,2,5.14,80,2,1,1
February,1,Pf,imported,FALSE,FALSE,TRUE,FALSE,86.5,78.18,70.39,66.92,31.5,1,5.67,69.8,3,1,0
February,2,Pf,imported,FALSE,FALSE,TRUE,FALSE,86.5,78.18,70.39,66.92,31.5,1,5.67,69.8,5,4,1
February,3,Pf,imported,FALSE,FALSE,TRUE,FALSE,86.5,78.18,70.39,66.92,31.5,1,5.67,69.8,5,3,2
February,4,Pf,imported,FALSE,FALSE,TRUE,FALSE,86.5,78.18,70.39,66.92,31.5,1,5.67,69.8,4,4,0
March,1,Pv,indigenious,FALSE,TRUE,FALSE,FALSE,91.77,82.38,74.45,70.96,0,0,4.99,70.3,5,3,2
March,2,Pv,imported,TRUE,FALSE,FALSE,FALSE,91.77,82.38,74.45,70.96,0,0,4.99,70.3,3,0,0
March,3,Pv,indigenious,FALSE,TRUE,FALSE,FALSE,91.77,82.38,74.45,70.96,0,0,4.99,70.3,5,2,1
March,4,Pf,indigenious,FALSE,FALSE,FALSE,TRUE,91.77,82.38,74.45,70.96,0,0,4.99,70.3,1,1,0
April,1,Pv,imported,TRUE,FALSE,FALSE,FALSE,94.57,85.71,74.17,74.37,23.5,1,6.67,70.1,4,2,1
April,2,Pf,imported,FALSE,FALSE,TRUE,FALSE,94.57,85.71,74.17,74.37,23.5,1,6.67,70.1,4,4,1
April,3,Pf,indigenious,FALSE,FALSE,FALSE,TRUE,94.57,85.71,74.17,74.37,23.5,1,6.67,70.1,3,0,0
April,4,Pv,imported,TRUE,FALSE,FALSE,FALSE,94.57,85.71,74.17,74.37,23.5,1,6.67,70.1,1,0,0
May,1,Pf,indigenious,FALSE,FALSE,FALSE,TRUE,95.71,86.93,79.77,73.6,100,2,8.08,65.8,5,1,0
May,2,Pf,indigenious,FALSE,FALSE,FALSE,TRUE,95.71,86.93,79.77,73.6,100,2,8.08,65.8,3,0,0
May,3,Pf,imported,FALSE,FALSE,TRUE,FALSE,95.71,86.93,79.77,73.6,100,2,8.08,65.8,3,0,0
May,4,Pv,indigenious,FALSE,TRUE,FALSE,FALSE,95.71,86.93,79.77,73.6,100,2,8.08,65.8,4,4,0
June,1,Pf,indigenious,FALSE,FALSE,FALSE,TRUE,97.67,88.9,81.53,74.16,44.6,3,8.45,63.1,4,0,0
June,2,Pv,indigenious,FALSE,TRUE,FALSE,FALSE,97.67,88.9,81.53,74.16,44.6,3,8.45,63.1,3,2,0
June,3,Pf,imported,FALSE,FALSE,TRUE,FALSE,97.67,88.9,81.53,74.16,44.6,3,8.45,63.1,1,1,1
June,4,Pf,imported,FALSE,FALSE,TRUE,FALSE,97.67,88.9,81.53,74.16,44.6,3,8.45,63.1,1,0,0
July,1,Pf,indigenious,FALSE,FALSE,FALSE,TRUE,94.97,87.02,80.19,75.03,113.4,4,7.28,68.9,3,0,0
July,2,Pv,indigenious,FALSE,TRUE,FALSE,FALSE,94.97,87.02,80.19,75.03,113.4,4,7.28,68.9,2,4,2
July,3,Pv,indigenious,FALSE,TRUE,FALSE,FALSE,94.97,87.02,80.19,75.03,113.4,4,7.28,68.9,3,1,0
July,4,Pv,indigenious,FALSE,TRUE,FALSE,FALSE,94.97,87.02,80.19,75.03,113.4,4,7.28,68.9,4,7,3
August,1,Pf,imported,FALSE,FALSE,TRUE,FALSE,94.55,86.88,80.06,75.39,67,1,6.77,69.9,5,4,2
August,2,Pv,imported,TRUE,FALSE,FALSE,FALSE,94.55,86.88,80.06,75.39,67,1,6.77,69.9,5,6,3
August,3,Pf,imported,FALSE,FALSE,TRUE,FALSE,94.55,86.88,80.06,75.39,67,1,6.77,69.9,3,5,1
August,4,Pv,imported,TRUE,FALSE,FALSE,FALSE,94.55,86.88,80.06,75.39,67,1,6.77,69.9,5,8,2
September,1,Pf,imported,FALSE,FALSE,TRUE,FALSE,94.2,86.18,77.5,75.62,31.7,1,7,71.7,5,9,1
September,2,Pv,imported,TRUE,FALSE,FALSE,FALSE,94.2,86.18,77.5,75.62,31.7,1,7,71.7,5,3,1
September,3,Pf,indigenious,FALSE,FALSE,FALSE,TRUE,94.2,86.18,77.5,75.62,31.7,1,7,71.7,4,1,0
September,4,Pf,imported,FALSE,FALSE,TRUE,FALSE,94.2,86.18,77.5,75.62,31.7,1,7,71.7,3,3,2
October,1,Pv,imported,TRUE,FALSE,FALSE,FALSE,91.74,84.49,74.58,76.67,79.9,1,5.05,78,3,7,0
October,2,Pf,imported,FALSE,FALSE,TRUE,FALSE,91.74,84.49,74.58,76.67,79.9,1,5.05,78,5,5,5
October,3,Pv,indigenious,FALSE,TRUE,FALSE,FALSE,91.74,84.49,74.58,76.67,79.9,1,5.05,78,4,1,1
October,4,Pv,indigenious,FALSE,TRUE,FALSE,FALSE,91.74,84.49,74.58,76.67,79.9,1,5.05,78,5,5,0
November,1,Pv,imported,TRUE,FALSE,FALSE,FALSE,84.8,80.36,76.7,76.66,309,6,5.11,89,3,5,0
November,2,Pv,indigenious,FALSE,TRUE,FALSE,FALSE,84.8,80.36,76.7,76.66,309,6,5.11,89,2,7,1
November,3,Pf,imported,FALSE,FALSE,TRUE,FALSE,84.8,80.36,76.7,76.66,309,6,5.11,89,1,2,2
November,4,Pf,imported,FALSE,FALSE,TRUE,FALSE,84.8,80.36,76.7,76.66,309,6,5.11,89,5,7,3
December,1,Pf,indigenious,FALSE,FALSE,FALSE,TRUE,87.74,80.39,74.58,73.28,50.1,1,5.04,80.3,3,3,1
December,2,Pv,indigenious,FALSE,TRUE,FALSE,FALSE,87.74,80.39,74.58,73.28,50.1,1,5.04,80.3,5,5,5
December,3,Pf,indigenious,FALSE,FALSE,FALSE,TRUE,87.74,80.39,74.58,73.28,50.1,1,5.04,80.3,3,2,1
December,4,Pv,indigenious,FALSE,TRUE,FALSE,FALSE,87.74,80.39,74.58,73.28,50.1,1,5.04,80.3,4,6,1
January,1,Pf,indigenious,FALSE,FALSE,FALSE,TRUE,87.35,80.58,74.71,74.82,23.7,0,5.49,83.5,5,6,2
January,2,Pf,indigenious,FALSE,FALSE,FALSE,TRUE,87.35,80.58,74.71,74.82,23.7,0,5.49,83.5,4,1,0
January,3,Pv,indigenious,FALSE,TRUE,FALSE,FALSE,87.35,80.58,74.71,74.82,23.7,0,5.49,83.5,5,1,0
January,4,Pf,indigenious,FALSE,FALSE,FALSE,TRUE,87.35,80.58,74.71,74.82,23.7,0,5.49,83.5,5,2,1
February,1,Pf,indigenious,FALSE,FALSE,FALSE,TRUE,88.64,81,74.32,72.69,0,0,6.69,76.6,2,1,0
February,2,Pf,imported,FALSE,FALSE,TRUE,FALSE,88.64,81,74.32,72.69,0,0,6.69,76.6,5,2,2
February,3,Pf,indigenious,FALSE,FALSE,FALSE,TRUE,88.64,81,74.32,72.69,0,0,6.69,76.6,5,1,0
February,4,Pf,imported,FALSE,FALSE,TRUE,FALSE,88.64,81,74.32,72.69,0,0,6.69,76.6,5,6,2
March,1,Pv,imported,TRUE,FALSE,FALSE,FALSE,94.61,85.4,78.71,76.26,18.8,2,7.62,75.5,3,0,0
March,2,Pf,indigenious,FALSE,FALSE,FALSE,TRUE,94.61,85.4,78.71,76.26,18.8,2,7.62,75.5,1,2,0
March,3,Pf,indigenious,FALSE,FALSE,FALSE,TRUE,94.61,85.4,78.71,76.26,18.8,2,7.62,75.5,3,2,0
March,4,Pv,indigenious,FALSE,TRUE,FALSE,FALSE,94.61,85.4,78.71,76.26,18.8,2,7.62,75.5,1,0,0
April,1,Pf,imported,FALSE,FALSE,TRUE,FALSE,96.43,88.42,82.53,80.78,0,0,8.47,78.4,5,1,0
April,2,Pv,imported,TRUE,FALSE,FALSE,FALSE,96.43,88.42,82.53,80.78,0,0,8.47,78.4,5,4,2
April,3,Pf,imported,FALSE,FALSE,TRUE,FALSE,96.43,88.42,82.53,80.78,0,0,8.47,78.4,5,0,0
April,4,Pf,indigenious,FALSE,FALSE,FALSE,TRUE,96.43,88.42,82.53,80.78,0,0,8.47,78.4,2,0,0
May,1,Pv,indigenious,FALSE,TRUE,FALSE,FALSE,98.45,89.39,79.81,80.11,12.3,0,9.18,75.2,5,1,1
May,2,Pf,indigenious,FALSE,FALSE,FALSE,TRUE,98.45,89.39,79.81,80.11,12.3,0,9.18,75.2,5,3,0
May,3,Pf,imported,FALSE,FALSE,TRUE,FALSE,98.45,89.39,79.81,80.11,12.3,0,9.18,75.2,5,2,0
May,4,Pv,imported,TRUE,FALSE,FALSE,FALSE,98.45,89.39,79.81,80.11,12.3,0,9.18,75.2,1,1,1
June,1,Pf,imported,FALSE,FALSE,TRUE,FALSE,97.73,89.24,82.27,79.51,16,4,9.61,73.8,1,2,0
June,2,Pf,imported,FALSE,FALSE,TRUE,FALSE,97.73,89.24,82.27,79.51,16,4,9.61,73.8,3,0,0
June,3,Pv,indigenious,FALSE,TRUE,FALSE,FALSE,97.73,89.24,82.27,79.51,16,4,9.61,73.8,2,0,0
June,4,Pf,indigenious,FALSE,FALSE,FALSE,TRUE,97.73,89.24,82.27,79.51,16,4,9.61,73.8,3,0,0
July,1,Pf,imported,FALSE,FALSE,TRUE,FALSE,93.42,86.54,81.16,78.95,14.2,0,8.73,78.4,4,6,2
July,2,Pf,imported,FALSE,FALSE,TRUE,FALSE,93.42,86.54,81.16,78.95,14.2,0,8.73,78.4,3,5,1
July,3,Pv,indigenious,FALSE,TRUE,FALSE,FALSE,93.42,86.54,81.16,78.95,14.2,0,8.73,78.4,4,8,2
July,4,Pf,indigenious,FALSE,FALSE,FALSE,TRUE,93.42,86.54,81.16,78.95,14.2,0,8.73,78.4,5,5,5
August,1,Pv,imported,TRUE,FALSE,FALSE,FALSE,94.13,86.61,80.42,78.7,25.5,1,8.67,78.1,5,5,2
August,2,Pf,imported,FALSE,FALSE,TRUE,FALSE,94.13,86.61,80.42,78.7,25.5,1,8.67,78.1,5,5,2
August,3,Pv,imported,TRUE,FALSE,FALSE,FALSE,94.13,86.61,80.42,78.7,25.5,1,8.67,78.1,1,5,1
August,4,Pv,imported,TRUE,FALSE,FALSE,FALSE,94.13,86.61,80.42,78.7,25.5,1,8.67,78.1,1,5,0
September,1,Pv,imported,TRUE,FALSE,FALSE,FALSE,93.71,87,81.33,78.68,33,1,8.17,77.4,4,9,1
September,2,Pf,imported,FALSE,FALSE,TRUE,FALSE,93.71,87,81.33,78.68,33,1,8.17,77.4,3,5,5
September,3,Pv,indigenious,FALSE,TRUE,FALSE,FALSE,93.71,87,81.33,78.68,33,1,8.17,77.4,3,7,2
September,4,Pf,imported,FALSE,FALSE,TRUE,FALSE,93.71,87,81.33,78.68,33,1,8.17,77.4,2,1,0